Model,Test Loss,Test Acc,Precision,Recall,F1 Score
LSTM,0.4699158261489868,0.81348,0.9161975570897504,0.69008,0.7872233629933836
CNN,0.30918322635173795,0.86868,0.8756827260128801,0.85936,0.8674445835183914
FeedForward,0.4064864837360382,0.86108,0.8843566379971046,0.8308,0.8567421523738811
