Model,Test Loss,Test Acc,Precision,Recall,F1 Score
LSTM,1.032306625843048,0.6224,0.6202898550724638,0.670846394984326,0.6445783132530121
CNN,0.5071886416912079,0.7608,0.7858347386172007,0.7304075235109718,0.7571080422420796
FeedForward,0.6053158903121948,0.6952,0.7660455486542443,0.5799373040752351,0.6601248884924175
