Model,Test Loss,Test Acc,Precision,Recall,F1 Score
LSTM,0.8931268546104432,0.6048,0.6343283582089553,0.5329153605015674,0.5792163543441227
CNN,0.5949512052536011,0.7064,0.7978021978021979,0.5689655172413793,0.6642268984446478
FeedForward,0.6386408357620239,0.6664,0.6646795827123696,0.6990595611285266,0.6814362108479756
