Model,Test Loss,Test Acc,Precision,Recall,F1 Score
LSTM,0.9927107384681702,0.6088,0.5994659546061415,0.7037617554858934,0.6474405191059841
CNN,0.5805268256187439,0.7176,0.6976421636615812,0.7884012539184952,0.7402501839587933
FeedForward,0.6250533605575561,0.672,0.6716867469879518,0.6990595611285266,0.685099846390169
